Day.No,AO,AC,EO,EC,Vol_AO,Vol_AC,Vol_EO,Vol_EC,Target_1,,intercept,-0.183898,0.656523,0.509043,0.000082,-0.000066,0.000028,PRED,y-y_hat,(y-y_hat)^2,mod(T),,intercept,-0.1462,1.129,0.0183,-0.000001172,-0.00003887,0.000009966,PRED,y-y_hat,(y-y_hat)^2,mod(AE),
1,152.772,153.915,153.691,154.317,346,5038,2842,4702,1,,2.8616,-28.09446526,101.0487375,78.23532771,0.028372,-0.187572,0.079576,153.971576,0.345423998,0.119317738,0.345423998,,0.0305,-22.3352664,173.770035,2.8125453,-0.000405512,-0.19582706,0.028323372,154.1099047,0.2070953,0.042888463,0.2070953,
2,153.974,154.178,154.102,154.306,711,5716,2645,9981,1,,2.8616,-28.31551065,101.2214031,78.44454439,0.058302,-0.17457,0.07406,154.1698288,0.136171172,0.018542588,0.136171172,,0.0305,-22.5109988,174.066962,2.8200666,-0.000833292,-0.22218092,0.02636007,154.2098757,0.096124342,0.009239889,0.096124342,
3,154.324,154.438,154.52,154.692,620,4232,1861,9036,1,,2.8616,-28.37987495,101.3920991,78.65732436,0.05084,-0.122826,0.052108,154.5112705,0.180729518,0.032663159,0.180729518,,0.0305,-22.5621688,174.360502,2.827716,-0.00072664,-0.16449784,0.018546726,154.5098714,0.182128554,0.03317081,0.182128554,
4,154.651,155.158,155.15,155.597,633,4130,1672,6144,1,,2.8616,-28.4400096,101.8647956,78.97802145,0.051906,-0.110352,0.046816,155.2527775,0.344222514,0.118489139,0.344222514,,0.0305,-22.6099762,175.173382,2.839245,-0.000741876,-0.1605331,0.016663152,155.288539,0.308461024,0.095148203,0.308461024,
5,155.384,156.129,155.976,157.334,132,5234,3516,8594,1,,2.8616,-28.57480683,102.5022795,79.39849097,0.010824,-0.232056,0.098448,156.0647796,1.269220397,1.610920416,1.269220397,,0.0305,-22.7171408,176.269641,2.8543608,-0.000154704,-0.20344558,0.035040456,156.2688012,1.065198828,1.134648543,1.065198828,
6,157.067,156.93,156.996,156.819,588,5488,2202,7249,0,,2.8616,-28.88430717,103.0281544,79.91771483,0.048216,-0.145332,0.061656,156.8877021,-0.068702052,0.004719972,0.068702052,,0.0305,-22.9631954,177.17397,2.8730268,-0.000689136,-0.21331856,0.021945132,156.9222388,-0.103238836,0.010658257,0.103238836,
7,156.87,157.176,157.225,157.712,407,5819,2456,7377,1,,2.8616,-28.84807926,103.189659,80.03428568,0.033374,-0.162096,0.068768,157.1775115,0.534488537,0.285677996,0.534488537,,0.0305,-22.934394,177.451704,2.8772175,-0.000477004,-0.22618453,0.024476496,157.2228425,0.489157538,0.239275097,0.489157538,
8,157.687,158.151,158.144,157.508,365,5114,2289,6934,0,,2.8616,-28.99832393,103.829769,80.50209619,0.02993,-0.151074,0.064092,158.1380892,-0.630089239,0.397012449,0.630089239,,0.0305,-23.0538394,178.552479,2.8940352,-0.00042778,-0.19878118,0.022812174,158.246778,-0.738778014,0.545792954,0.738778014,
9,157.932,157.443,157.619,157.184,489,5614,3551,7446,0,,2.8616,-29.04337894,103.3649507,80.23484862,0.040098,-0.234366,0.099428,157.3231804,-0.13918037,0.019371175,0.13918037,,0.0305,-23.0896584,177.753147,2.8844277,-0.000573108,-0.21821618,0.035389266,157.3950163,-0.211016278,0.04452787,0.211016278,
10,157.118,157.278,157.352,156.828,398,6366,2804,7549,0,,2.8616,-28.89368596,103.2566244,80.09893414,0.032636,-0.185064,0.078512,157.2495566,-0.421556566,0.177709938,0.421556566,,0.0305,-22.9706516,177.566862,2.8795416,-0.000466456,-0.24744642,0.027944664,157.2862838,-0.458283788,0.21002403,0.458283788,
11,156.078,156.545,156.639,156.426,132,4775,1617,8275,0,,2.8616,-28.70243204,102.775393,79.73598648,0.010824,-0.106722,0.045276,156.6199255,-0.193925468,0.037607087,0.193925468,,0.0305,-22.8186036,176.739305,2.8664937,-0.000154704,-0.18560425,0.016115022,156.6480512,-0.222051168,0.049306721,0.222051168,
12,156.454,156.806,156.797,157.484,675,3566,1941,7222,1,,2.8616,-28.77157769,102.9467455,79.81641527,0.05535,-0.128106,0.054348,156.8347751,0.649224883,0.421492949,0.649224883,,0.0305,-22.8735748,177.033974,2.8693851,-0.0007911,-0.13861042,0.019344006,156.9402268,0.543773214,0.295689308,0.543773214,
13,157.041,156.996,157.031,155.982,518,3158,1901,11332,0,,2.8616,-28.87952582,103.0714849,79.93553133,0.042476,-0.125466,0.053228,156.9593284,-0.977328423,0.955170846,0.977328423,,0.0305,-22.9593942,177.248484,2.8736673,-0.000607096,-0.12275146,0.018945366,157.0888439,-1.10684391,1.225103441,1.10684391,
14,156.32,156.089,156.09,156.386,525,5419,1927,10538,1,,2.8616,-28.74693536,102.4760185,79.45652187,0.04305,-0.127182,0.053956,156.0170291,0.368970943,0.136139557,0.368970943,,0.0305,-22.853984,176.224481,2.856447,-0.0006153,-0.21063653,0.019204482,156.0653967,0.320603348,0.102786507,0.320603348,
15,156.562,156.733,156.666,156.713,465,5662,4617,10734,0,,2.8616,-28.79143868,102.8988194,79.74973064,0.03813,-0.304722,0.129276,156.5813953,0.131604679,0.017319792,0.131604679,,0.0305,-22.8893644,176.951557,2.8669878,-0.00054498,-0.22008194,0.046013022,156.7850665,-0.072066502,0.005193581,0.072066502,
16,156.095,156.272,156.348,156.226,1822,6839,4650,6286,0,,2.8616,-28.70555831,102.5961623,79.58785496,0.149404,-0.3069,0.1302,156.3127629,-0.08676291,0.007527803,0.08676291,,0.0305,-22.821089,176.431088,2.8611684,-0.002135384,-0.26583193,0.0463419,156.280042,-0.054041986,0.002920536,0.054041986,
17,155.734,155.182,155.244,155.05,933,5274,4267,6851,0,,2.8616,-28.63917113,101.8805522,79.02587149,0.076506,-0.281622,0.119476,155.0432125,0.006787454,4.60695E-05,0.006787454,,0.0305,-22.7683108,175.200478,2.8409652,-0.001093476,-0.20500038,0.042524922,155.1400635,-0.090063466,0.008111428,0.090063466,
18,155.093,155.159,155.192,155.821,664,3802,2494,6147,1,,2.8616,-28.52129251,101.8654522,78.99940126,0.054448,-0.164604,0.069832,155.1648369,0.656163101,0.430550015,0.656163101,,0.0305,-22.6745966,175.174511,2.8400136,-0.000778208,-0.14778374,0.024855204,155.2467213,0.574278744,0.329796076,0.574278744,
19,155.972,155.959,155.904,153.409,1155,4206,3290,8111,0,,2.8616,-28.68293886,102.3906706,79.36183987,0.09471,-0.21714,0.09212,155.9008616,-2.491861573,6.209374099,2.491861573,,0.0305,-22.8031064,176.077711,2.8530432,-0.00135366,-0.16348722,0.03278814,156.0260951,-2.61709506,6.849186553,2.61709506,
20,153.524,153.341,153.331,152.884,762,3969,2999,8515,0,,2.8616,-28.23275655,100.6718933,78.05207223,0.062484,-0.197934,0.083972,153.301331,-0.417331024,0.174165184,0.417331024,,0.0305,-22.4452088,173.121989,2.8059573,-0.000893064,-0.15427503,0.029888034,153.3879574,-0.50395744,0.253973101,0.50395744,
21,152.926,153.094,153.164,153.505,2707,6760,5287,5380,1,,2.8616,-28.12278555,100.5097322,77.96706205,0.221974,-0.348942,0.148036,153.2366767,0.268323334,0.071997412,0.268323334,,0.0305,-22.3577812,172.843126,2.8029012,-0.003172604,-0.2627612,0.052690242,153.1055024,0.399497562,0.159598302,0.399497562,
22,153.576,153.097,153.185,153.008,935,6560,5875,6932,0,,2.8616,-28.24231925,100.5117017,77.97775196,0.07667,-0.38775,0.1645,152.9621544,0.045845562,0.002101816,0.045845562,,0.0305,-22.4528112,172.846513,2.8032855,-0.00109582,-0.2549872,0.05855025,153.0299545,-0.02195453,0.000482001,0.02195453,
23,153.012,153.288,153.133,153.47,872,6110,6029,8852,1,,2.8616,-28.13860078,100.6370976,77.95128172,0.071504,-0.397914,0.168812,153.1537806,0.316219433,0.09999473,0.316219433,,0.0305,-22.3703544,173.062152,2.8023339,-0.001021984,-0.2374957,0.060085014,153.3461988,0.12380117,0.01532673,0.12380117,
24,152.683,152.764,152.972,152.621,1234,6627,5012,4645,0,,2.8616,-28.07809833,100.2930796,77.8693258,0.101188,-0.330792,0.140336,152.856639,-0.235639034,0.055525754,0.235639034,,0.0305,-22.3222546,172.470556,2.7993876,-0.001446248,-0.25759149,0.049949592,152.7691009,-0.148100854,0.021933863,0.148100854,
25,152.414,152.693,152.75,152.613,1860,6317,4681,6228,0,,2.8616,-28.02862977,100.2464664,77.75631825,0.15252,-0.308946,0.131068,152.8103969,-0.197396917,0.038965543,0.197396917,,0.0305,-22.2829268,172.390397,2.795325,-0.00217992,-0.24554179,0.046650846,152.7322243,-0.119224336,0.014214442,0.119224336,
26,152.84,152.993,153.059,153.074,1713,5671,4008,6492,1,,2.8616,-28.10697032,100.4434233,77.91361254,0.140466,-0.264528,0.112224,153.0998276,-0.025827556,0.000667063,0.025827556,,0.0305,-22.345208,172.729097,2.8009797,-0.002007636,-0.22043177,0.039943728,153.032873,0.041126978,0.001691428,0.041126978,
27,153.023,153.84,153.284,153.775,1882,6076,5619,5777,0,,2.8616,-28.14062365,100.9994983,78.02814721,0.154324,-0.370854,0.157332,153.6894239,0.085576122,0.007323273,0.085576122,,0.0305,-22.3719626,173.68536,2.8050972,-0.002205704,-0.23617412,0.055998954,153.9666137,-0.19161373,0.036715822,0.19161373,
28,154.121,154.489,154.359,154.201,2300,6585,8060,6065,0,,2.8616,-28.34254366,101.4255817,78.57536844,0.1886,-0.53196,0.22568,154.4023265,-0.201326526,0.04053237,0.201326526,,0.0305,-22.5324902,174.418081,2.8247697,-0.0026956,-0.25595895,0.08032596,154.5625319,-0.36153191,0.130705322,0.36153191,
29,153.971,154.04,154.071,154.013,2180,6917,5699,6402,0,,2.8616,-28.31495896,101.1308029,78.42876405,0.17876,-0.376134,0.159572,154.068406,-0.055406015,0.003069826,0.055406015,,0.0305,-22.5105602,173.91116,2.8194993,-0.00255496,-0.26886379,0.056796234,154.0359766,-0.022976584,0.000527923,0.022976584,
30,154.198,154.286,154.277,153.263,1107,7396,4599,6426,0,,2.8616,-28.3567038,101.2923076,78.53362691,0.090774,-0.303534,0.128772,154.2468427,-0.983842685,0.967946429,0.983842685,,0.0305,-22.5437476,174.188894,2.8232691,-0.001297404,-0.28748252,0.045833634,154.2559692,-0.99296921,0.985987852,0.99296921,
31,153.262,153.382,153.448,153.746,2659,8193,5718,8009,1,,2.8616,-28.18457528,100.6988108,78.11163026,0.218038,-0.377388,0.160104,153.4882198,0.257780226,0.066450645,0.257780226,,0.0305,-22.4069044,173.168278,2.8080984,-0.003116348,-0.31846191,0.056985588,153.3353793,0.41062067,0.168609335,0.41062067,
32,153.784,153.676,154.048,153.712,1449,11197,9952,8533,1,,2.8616,-28.28057003,100.8918285,78.41705606,0.118818,-0.656832,0.278656,153.6305566,0.08144342,0.006633031,0.08144342,,0.0305,-22.4832208,173.500204,2.8190784,-0.001698228,-0.43522739,0.099181632,153.5288176,0.183182386,0.033555787,0.183182386,
33,153.937,153.628,153.829,153.882,1796,8336,6386,7785,1,,2.8616,-28.30870643,100.8603154,78.30557565,0.147272,-0.421476,0.178808,153.6233887,0.258611335,0.066879823,0.258611335,,0.0305,-22.5055894,173.446012,2.8150707,-0.002104912,-0.32402032,0.063642876,153.5235109,0.358489056,0.128514403,0.358489056,
34,153.792,154.022,154.031,153.648,1305,4923,3723,2403,0,,2.8616,-28.28204122,101.1189855,78.40840233,0.10701,-0.245718,0.104244,154.0724826,-0.424482623,0.180185497,0.424482623,,0.0305,-22.4843904,173.890838,2.8187673,-0.00152946,-0.19135701,0.037103418,154.0999318,-0.451931848,0.204242395,0.451931848,
35,153.621,151.863,152.472,150.93,2673,14447,10079,9930,0,,2.8616,-28.25059466,99.70155235,77.6148043,0.219186,-0.665214,0.282212,151.763546,-0.833545987,0.694798912,0.833545987,,0.0305,-22.4593902,171.453327,2.7902376,-0.003132756,-0.56155489,0.100447314,151.3504341,-0.420434068,0.176764806,0.420434068,
36,151.254,151.392,151.094,151.053,5551,10060,9293,7517,0,,2.8616,-27.81530809,99.39233002,76.91334304,0.455182,-0.613338,0.260204,151.454013,-0.401012966,0.160811399,0.401012966,,0.0305,-22.1133348,170.921568,2.7650202,-0.006505772,-0.3910322,0.092614038,151.2988295,-0.245829466,0.060432126,0.245829466,
37,151.187,150.848,150.796,150.167,2735,10319,10392,14489,0,,2.8616,-27.80298693,99.0351815,76.76164823,0.22427,-0.685872,0.290976,150.6848168,-0.517816806,0.268134245,0.517816806,,0.0305,-22.1035394,170.307392,2.7595668,-0.00320542,-0.40109953,0.103566672,150.6931811,-0.526181122,0.276866573,0.526181122,
38,150.467,151.057,151.348,150.401,3922,10668,8252,9187,0,,2.8616,-27.67058037,99.17239481,77.04263996,0.321604,-0.544632,0.231056,151.4140824,-1.013082409,1.026335967,1.013082409,,0.0305,-21.9982754,170.543353,2.7696684,-0.004596584,-0.41466516,0.082239432,151.0082237,-0.607223688,0.368720607,0.607223688,
39,149.733,150.465,150.432,150.317,1541,8461,7861,10099,0,,2.8616,-27.53559923,98.7837332,76.57635658,0.126362,-0.518826,0.220108,150.5137345,-0.196734537,0.038704478,0.196734537,,0.0305,-21.8909646,169.874985,2.7529056,-0.001806052,-0.32887907,0.078342726,150.5150836,-0.198083604,0.039237114,0.198083604,
40,150.495,150.537,150.531,149.669,2932,6853,6480,11287,0,,2.8616,-27.67572951,98.83100285,76.62675183,0.240424,-0.42768,0.18144,150.6378092,-0.968809174,0.938591216,0.968809174,,0.0305,-22.002369,169.956273,2.7547173,-0.003436304,-0.26637611,0.06457968,150.5338886,-0.864888566,0.748032232,0.864888566,
41,149.491,149.717,149.58,150.162,4356,6957,5403,7685,1,,2.8616,-27.49109592,98.29265399,76.14265194,0.357192,-0.356598,0.151284,149.957688,0.204311987,0.041743388,0.204311987,,0.0305,-21.8555842,169.030493,2.737314,-0.005105232,-0.27041859,0.053846298,149.7210453,0.440954724,0.194441069,0.440954724,
42,150.453,150.943,151.017,150.42,2319,6379,6531,6872,0,,2.8616,-27.66800579,99.09755119,76.87414673,0.190158,-0.431046,0.182868,151.1072721,-0.687272126,0.472342975,0.687272126,,0.0305,-21.9962286,170.414647,2.7636111,-0.002717868,-0.24795173,0.065087946,151.0269478,-0.606947848,0.36838569,0.606947848,
43,150.371,150.179,150.359,150.496,1828,8395,5441,5718,1,,2.8616,-27.65292616,98.59596762,76.53919644,0.149896,-0.359106,0.152348,150.2869759,0.209024104,0.043691076,0.209024104,,0.0305,-21.9842402,169.552091,2.7515697,-0.002142416,-0.32631365,0.054225006,150.0756894,0.42031056,0.176660967,0.42031056,
44,150.139,149.808,150.091,149.812,1653,6039,5530,6146,1,,2.8616,-27.61026182,98.35239758,76.40277291,0.135546,-0.36498,0.15484,149.9319147,-0.119914675,0.014379529,0.119914675,,0.0305,-21.9503218,169.133232,2.7466653,-0.001937316,-0.23473593,0.05511198,149.7785142,0.033485766,0.001121297,0.033485766,
45,149.944,150.113,150.182,150.032,1570,7733,5550,6753,0,,2.8616,-27.57440171,98.5526371,76.44909583,0.12874,-0.3663,0.1554,150.2067712,-0.174771213,0.030544977,0.174771213,,0.0305,-21.9218128,169.477577,2.7483306,-0.00184004,-0.30058171,0.0553113,150.0874844,-0.05548435,0.003078513,0.05548435,
46,150.373,150.256,150.177,150.258,2796,5427,3930,7076,1,,2.8616,-27.65329395,98.64651989,76.44655061,0.229272,-0.25938,0.11004,150.3813085,-0.123308545,0.015204997,0.123308545,,0.0305,-21.9845326,169.639024,2.7482391,-0.003276912,-0.21094749,0.03916638,150.2581725,-0.000172478,2.97487E-08,0.000172478,
47,150.029,150.114,150.152,150.479,1088,4793,3444,5967,1,,2.8616,-27.59003304,98.55329362,76.43382454,0.089216,-0.227304,0.096432,150.2170291,0.261970884,0.068628744,0.261970884,,0.0305,-21.9342398,169.478706,2.7477816,-0.001275136,-0.18630391,0.034322904,150.1694917,0.309508342,0.095795414,0.309508342,
48,150.435,150.691,150.52,150.443,891,5147,4641,5071,0,,2.8616,-27.66469563,98.93210739,76.62115236,0.073062,-0.306306,0.129948,150.6468681,-0.203868123,0.041562212,0.203868123,,0.0305,-21.993597,170.130139,2.754516,-0.001044252,-0.20006389,0.046252206,150.7667021,-0.323702064,0.104783026,0.323702064,
49,151.17,151.368,151.283,151.634,3082,6697,4784,7386,1,,2.8616,-27.79986066,99.37657346,77.00955217,0.252724,-0.315744,0.133952,151.518797,0.115203027,0.013271737,0.115203027,,0.0305,-22.101054,170.894472,2.7684789,-0.003612104,-0.26031239,0.047677344,151.3761498,0.25785025,0.066486751,0.25785025,
50,151.486,151.274,151.316,150.711,1644,7890,5554,8048,0,,2.8616,-27.85797243,99.3148603,77.02635059,0.134808,-0.366564,0.155512,151.2685945,-0.557594462,0.310911584,0.557594462,,0.0305,-22.1472532,170.788346,2.7690828,-0.001926768,-0.3066843,0.055351164,151.1874157,-0.476415696,0.226971915,0.476415696,
51,150.408,149.91,149.962,149.931,3330,6932,5437,6858,1,,2.8616,-27.65973038,98.41936293,76.33710637,0.27306,-0.358842,0.152236,150.0247929,-0.093792912,0.00879711,0.093792912,,0.0305,-21.9896496,169.24839,2.7443046,-0.00390276,-0.26944684,0.054185142,149.8143805,0.116619458,0.013600098,0.116619458,
52,150.024,150.271,150.343,150.957,1237,5598,4347,4984,1,,2.8616,-27.58911355,98.65636773,76.53105175,0.101434,-0.286902,0.121716,150.3961539,0.56084607,0.314548314,0.56084607,,0.0305,-21.9335088,169.655959,2.7512769,-0.001449764,-0.21759426,0.043322202,150.3285053,0.628494722,0.395005616,0.628494722,
53,151.334,151.512,151.281,152.537,1133,4809,3881,5645,1,,2.8616,-27.83001993,99.47111278,77.00853408,0.092906,-0.256146,0.108668,151.4566549,1.080345073,1.167145477,1.080345073,,0.0305,-22.1250308,171.057048,2.7684423,-0.001327876,-0.18692583,0.038678046,151.5813838,0.95561616,0.913202245,0.95561616,
54,152.238,152.749,152.496,153.401,1163,4345,2369,4335,1,,2.8616,-27.99626372,100.2832317,77.62702133,0.095366,-0.156354,0.066332,152.7809333,0.620066669,0.384482674,0.620066669,,0.0305,-22.2571956,172.453621,2.7906768,-0.001363036,-0.16889015,0.023609454,152.8709585,0.530041532,0.280944026,0.530041532,
55,153.419,153.326,153.284,153.199,1387,5126,2531,1444,0,,2.8616,-28.21344726,100.6620455,78.02814721,0.113734,-0.167046,0.070868,153.3559014,-0.156901448,0.024618064,0.156901448,,0.0305,-22.4298578,173.105054,2.8050972,-0.001625564,-0.19924762,0.025223946,153.3351442,-0.136144162,0.018535233,0.136144162,
56,153.151,153.507,153.38,154.129,1145,3448,2100,2715,1,,2.8616,-28.1641626,100.7808762,78.07701534,0.09389,-0.1386,0.0588,153.5694189,0.559581097,0.313131004,0.559581097,,0.0305,-22.3906762,173.309403,2.806854,-0.00134194,-0.13402376,0.0209286,153.6416437,0.4873563,0.237516163,0.4873563,
57,154.337,154.266,154.403,154.073,901,2306,2204,3386,0,,2.8616,-28.38226563,101.2791771,78.59776633,0.073882,-0.145464,0.061712,154.3464078,-0.273407821,0.074751837,0.273407821,,0.0305,-22.5640694,174.166314,2.8255749,-0.001055972,-0.08963422,0.021965064,154.3895944,-0.316594372,0.100231996,0.316594372,
58,154.211,154.261,154.251,155.006,1499,3446,2201,4030,1,,2.8616,-28.35909448,101.2758945,78.52039179,0.122918,-0.145266,0.061628,154.3380718,0.667928182,0.446128056,0.667928182,,0.0305,-22.5456482,174.160669,2.8227933,-0.001756828,-0.13394602,0.021935166,154.3545464,0.651453582,0.42439177,0.651453582,
59,154.983,155.096,155.184,155.433,794,3040,2660,4748,1,,2.8616,-28.50106373,101.8240912,78.99532891,0.065108,-0.17556,0.07448,155.1439844,0.289015614,0.083530025,0.289015614,,0.0305,-22.6585146,175.103384,2.8398672,-0.000930568,-0.1181648,0.02650956,155.2226508,0.210349208,0.044246789,0.210349208,
60,155.248,155.523,155.459,155.952,1008,2839,1945,4834,1,,2.8616,-28.5497967,102.1044265,79.13531574,0.082656,-0.12837,0.05446,155.5602916,0.391708438,0.1534355,0.391708438,,0.0305,-22.6972576,175.585467,2.8448997,-0.001181376,-0.11035193,0.01938387,155.6714597,0.280540336,0.07870288,0.280540336,
61,155.693,155.706,155.762,155.036,1735,2954,1961,4836,0,,2.8616,-28.63163131,102.2245702,79.28955577,0.14227,-0.129426,0.054908,155.8118467,-0.77584669,0.601938086,0.77584669,,0.0305,-22.7623166,175.792074,2.8504446,-0.00203342,-0.11482198,0.019543326,155.8133899,-0.777389926,0.604335097,0.777389926,
62,155.33,156.114,155.902,157.403,1495,4409,3466,7060,1,,2.8616,-28.56487634,102.4924316,79.36082179,0.12259,-0.228756,0.097048,156.1408591,1.262140932,1.592999732,1.262140932,,0.0305,-22.709246,176.252706,2.8530066,-0.00175214,-0.17137783,0.034542156,156.2883788,1.114621214,1.242380451,1.114621214,
63,157.047,157.059,156.97,157.06,1819,4225,3446,5509,1,,2.8616,-28.88062921,103.1128459,79.90447971,0.149158,-0.227436,0.096488,157.0165064,0.043493639,0.001891697,0.043493639,,0.0305,-22.9602714,177.319611,2.872551,-0.002131868,-0.16422575,0.034342836,157.1303758,-0.070375818,0.004952756,0.070375818,
64,157.354,156.412,156.606,156.576,1460,5679,4973,5912,1,,2.8616,-28.93708589,102.6880755,79.71918806,0.11972,-0.328218,0.139244,156.2625236,0.313476358,0.098267427,0.313476358,,0.0305,-23.0051548,176.589148,2.8658898,-0.00171112,-0.22074273,0.049560918,156.3074901,0.268509932,0.072097584,0.268509932,
65,156.739,156.886,156.998,156.942,2128,4240,3354,5826,1,,2.8616,-28.82398862,102.9992674,79.91873291,0.174496,-0.221364,0.093912,157.0026557,-0.06065567,0.00367911,0.06065567,,0.0305,-22.9152418,177.124294,2.8730634,-0.002494016,-0.1648088,0.033425964,156.9787387,-0.036738748,0.001349736,0.036738748,
66,156.997,157.312,157.257,156.099,2728,6587,3858,5956,0,,2.8616,-28.87143431,103.2789462,80.05057505,0.223696,-0.254628,0.108024,157.3967789,-1.297778921,1.684230128,1.297778921,,0.0305,-22.9529614,177.605248,2.8778031,-0.003197216,-0.25603669,0.038448828,157.3398046,-1.240804622,1.53959611,1.240804622,
67,156.419,156.723,156.522,157.082,1204,6136,5443,7074,1,,2.8616,-28.76514126,102.8922541,79.67642845,0.098728,-0.359238,0.152404,156.5570353,0.524964687,0.275587923,0.524964687,,0.0305,-22.8684578,176.940267,2.8643526,-0.001411088,-0.23850632,0.054244938,156.7809893,0.30101067,0.090607423,0.30101067,
68,157.177,157.289,157.242,157.192,1508,5123,3771,6456,0,,2.8616,-28.90453595,103.2638461,80.04293941,0.123656,-0.248886,0.105588,157.2442076,-0.052207607,0.002725634,0.052207607,,0.0305,-22.9792774,177.579281,2.8775286,-0.001767376,-0.19913101,0.037581786,157.3447156,-0.1527156,0.023322054,0.1527156,
69,157.141,157.102,157.153,156.741,1526,4591,4193,5946,0,,2.8616,-28.89791562,103.1410763,79.99763458,0.125132,-0.276738,0.117404,157.0681933,-0.327193307,0.10705546,0.327193307,,0.0305,-22.9740142,177.368158,2.8758999,-0.001788472,-0.17845217,0.041787438,157.1620905,-0.421090496,0.177317206,0.421090496,
70,156.475,156.186,156.204,155.698,2161,6696,4831,7215,0,,2.8616,-28.77543955,102.5397013,79.51455277,0.177202,-0.318846,0.135268,156.1340385,-0.4360385,0.190129573,0.4360385,,0.0305,-22.876645,176.333994,2.8585332,-0.002532692,-0.26027352,0.048145746,156.1317217,-0.433721734,0.188114543,0.433721734,
71,156.116,156.539,156.554,156.425,2790,4720,3632,2797,0,,2.8616,-28.70942017,102.7714539,79.69271782,0.22878,-0.239712,0.101696,156.7071156,-0.282115551,0.079589184,0.282115551,,0.0305,-22.8241592,176.732531,2.8649382,-0.00326988,-0.1834664,0.036196512,156.6532702,-0.228270232,0.052107299,0.228270232,
72,156.343,156.739,156.687,155.579,959,8026,6439,5953,0,,2.8616,-28.75116501,102.9027585,79.76042054,0.078638,-0.424974,0.180292,156.60757,-1.028570024,1.057956294,1.028570024,,0.0305,-22.8573466,176.958331,2.8673721,-0.001123948,-0.31197062,0.064171074,156.749933,-1.170933006,1.371084105,1.170933006,
73,155.803,155.496,155.435,155.828,1363,6650,5743,6186,1,,2.8616,-28.65186009,102.0867004,79.12309871,0.111766,-0.379038,0.160804,155.313071,0.514928981,0.265151855,0.514928981,,0.0305,-22.7783986,175.554984,2.8444605,-0.001597436,-0.2584855,0.057234738,155.4486977,0.379302298,0.143870233,0.379302298,
74,155.632,155.878,155.964,155.653,1645,5848,4578,5543,0,,2.8616,-28.62041354,102.3374922,79.39238245,0.13489,-0.302148,0.128184,155.9319871,-0.27898711,0.077833808,0.27898711,,0.0305,-22.7533984,175.986262,2.8541412,-0.00192794,-0.22731176,0.045624348,155.9338894,-0.280889448,0.078898882,0.280889448,
75,155.135,154.574,154.688,154.07,2733,7838,5630,7594,0,,2.8616,-28.52901623,101.4813862,78.74284358,0.224106,-0.37158,0.15764,154.5669796,-0.496979556,0.246988679,0.496979556,,0.0305,-22.680737,174.514046,2.8307904,-0.003203076,-0.30466306,0.05610858,154.4428418,-0.372841844,0.139011041,0.372841844,
76,154.004,154.052,154.157,153.406,2595,6871,4078,7666,0,,2.8616,-28.32102759,101.1386812,78.47254175,0.21279,-0.269148,0.114184,154.2096214,-0.803621355,0.645807282,0.803621355,,0.0305,-22.5153848,173.924708,2.8210731,-0.00304134,-0.26707577,0.040641348,154.0314205,-0.625420538,0.391150849,0.625420538,
77,153.691,153.55,153.509,153.651,2262,7081,5429,6812,1,,2.8616,-28.26346752,100.8091067,78.14268189,0.185484,-0.358314,0.152012,153.529103,0.121896981,0.014858874,0.121896981,,0.0305,-22.4696242,173.35795,2.8092147,-0.002651064,-0.27523847,0.054105414,153.5042564,0.14674362,0.02153369,0.14674362,
78,153.715,153.903,153.895,154.44,1782,4906,3412,4230,1,,2.8616,-28.26788107,101.0408593,78.33917249,0.146124,-0.225192,0.095536,153.9902187,0.449781316,0.202303232,0.449781316,,0.0305,-22.473133,173.756487,2.8162785,-0.002088504,-0.19069622,0.034003992,153.9713518,0.468648232,0.219631165,0.468648232,
79,154.373,153.935,153.964,154.57,1947,8029,5919,6704,1,,2.8616,-28.38888595,101.061868,78.37429645,0.159654,-0.390654,0.165732,153.8436105,0.726389497,0.527641701,0.726389497,,0.0305,-22.5693326,173.792615,2.8175412,-0.002281884,-0.31208723,0.058988754,153.8159432,0.75405676,0.568601597,0.75405676,
80,154.266,154.819,154.781,154.512,2241,7584,5916,8838,0,,2.8616,-28.36920887,101.6422343,78.79018458,0.183762,-0.390456,0.165648,154.8837641,-0.371764052,0.13820851,0.371764052,,0.0305,-22.5536892,174.790651,2.8324923,-0.002626452,-0.29479008,0.058958856,154.8614964,-0.349496424,0.12214775,0.349496424,
81,154.451,155.079,154.973,154.623,3113,6018,4458,6995,0,,2.8616,-28.40323,101.8129303,78.88792084,0.255266,-0.294228,0.124824,155.2450832,-0.622083158,0.386987455,0.622083158,,0.0305,-22.5807362,175.084191,2.8360059,-0.003648436,-0.23391966,0.044428428,155.176821,-0.553821032,0.306717735,0.553821032,
82,154.778,154.919,154.652,155.04,1985,5184,4563,6629,1,,2.8616,-28.46336464,101.7078866,78.72451804,0.16277,-0.301158,0.127764,154.820016,0.219983971,0.048392947,0.219983971,,0.0305,-22.6285436,174.903551,2.8301316,-0.00232642,-0.20150208,0.045474858,154.9772854,0.062714642,0.003933126,0.062714642,
83,155.064,155.15,155.125,155.154,1202,5500,3393,5240,1,,2.8616,-28.51595947,101.8595435,78.96529538,0.098564,-0.223938,0.095004,155.1401094,0.013890647,0.00019295,0.013890647,,0.0305,-22.6703568,175.16435,2.8387875,-0.001408744,-0.213785,0.033814638,155.1819016,-0.027901594,0.000778499,0.027901594,
84,155.312,155.349,155.198,156.357,1742,5509,3343,6858,1,,2.8616,-28.56156618,101.9901915,79.00245551,0.142844,-0.220638,0.093604,155.3084909,1.048509135,1.099371406,1.048509135,,0.0305,-22.7066144,175.389021,2.8401234,-0.002041624,-0.21413483,0.033316338,155.3701699,0.986830116,0.973833678,0.986830116,
85,156.322,156.33,156.28,155.964,1146,7068,4502,6120,0,,2.8616,-28.74730316,102.6342406,79.55324004,0.093972,-0.297132,0.126056,156.2246735,-0.260673474,0.06795066,0.260673474,,0.0305,-22.8542764,176.49657,2.859924,-0.001343112,-0.27473316,0.044866932,156.3015083,-0.33750826,0.113911826,0.33750826,
86,155.888,156.095,155.994,155.672,2430,7061,5032,5243,0,,2.8616,-28.66749142,102.4799577,79.40765374,0.19926,-0.332112,0.140896,156.089764,-0.417764003,0.174526762,0.417764003,,0.0305,-22.7908256,176.231255,2.8546902,-0.00284796,-0.27446107,0.050148912,156.0984595,-0.426459482,0.18186769,0.426459482,
87,155.701,156.168,156.232,156.661,1207,5320,4806,3774,1,,2.8616,-28.6331025,102.5278839,79.52880598,0.098974,-0.317196,0.134568,156.2015333,0.459466658,0.21110961,0.459466658,,0.0305,-22.7634862,176.313672,2.8590456,-0.001414604,-0.2067884,0.047896596,156.279425,0.381575008,0.145599487,0.381575008,
88,156.481,156.395,156.548,156.392,1523,4699,3833,3523,0,,2.8616,-28.77654294,102.6769146,79.68966356,0.124886,-0.252978,0.107324,156.4308672,-0.038867211,0.00151066,0.038867211,,0.0305,-22.8775222,176.569955,2.8648284,-0.001784956,-0.18265013,0.038199678,156.4415258,-0.049525792,0.002452804,0.049525792,
89,156.346,156.591,156.557,157.867,1163,4456,3314,8411,1,,2.8616,-28.75171671,102.8055931,79.69424495,0.095366,-0.218724,0.092792,156.5791553,1.287844664,1.658543879,1.287844664,,0.0305,-22.8577852,176.791239,2.8649931,-0.001363036,-0.17320472,0.033027324,156.6874065,1.179593532,1.391440901,1.179593532,
90,157.329,157.018,156.942,157.627,2224,8147,5825,6017,1,,2.8616,-28.93248844,103.0859284,79.89022651,0.182368,-0.38445,0.1631,156.8662845,0.760715522,0.578688105,0.760715522,,0.0305,-23.0014998,177.273322,2.8720386,-0.002606528,-0.31667389,0.05805195,156.9131323,0.713867668,0.509607047,0.713867668,
91,156.486,156.245,156.189,156.187,3887,10220,5387,7758,0,,2.8616,-28.77746243,102.5784361,79.50691713,0.318734,-0.355542,0.150836,156.2835188,-0.096518834,0.009315885,0.096518834,,0.0305,-22.8782532,176.400605,2.8582587,-0.004555564,-0.3972514,0.053686842,156.0629904,0.124009622,0.015378386,0.124009622,
92,156.309,156.078,156,156.498,1225,9883,4268,5044,1,,2.8616,-28.74491248,102.4687968,79.410708,0.10045,-0.281688,0.119504,155.9344583,0.563541688,0.317579234,0.563541688,,0.0305,-22.8523758,176.212062,2.8548,-0.0014357,-0.38415221,0.042534888,155.9019332,0.596066822,0.355295656,0.596066822,
93,156.538,156.792,156.74,156.757,1373,6574,3915,5230,0,,2.8616,-28.78702512,102.9375542,79.78739982,0.112586,-0.25839,0.10962,156.7633449,-0.006344912,4.02579E-05,0.006344912,,0.0305,-22.8858556,177.018168,2.868342,-0.001609156,-0.25553138,0.03901689,156.8130308,-0.056030754,0.003139445,0.056030754,
94,156.787,156.755,156.612,156.583,1831,7784,4958,6011,0,,2.8616,-28.83281573,102.9132629,79.72224232,0.150142,-0.327228,0.138824,156.6260275,-0.043027455,0.001851362,0.043027455,,0.0305,-22.9222594,176.976395,2.8659996,-0.002145932,-0.30256408,0.049411428,156.6953366,-0.112336616,0.012619515,0.112336616,
95,156.455,156.835,156.835,156.408,1776,6956,3772,7137,0,,2.8616,-28.77176159,102.9657847,79.83575891,0.145632,-0.248952,0.105616,156.893678,-0.48567802,0.235883139,0.48567802,,0.0305,-22.873721,177.066715,2.8700805,-0.002081472,-0.27037972,0.037591752,156.8587051,-0.45070506,0.203135051,0.45070506,
96,156.244,156.624,156.636,156.264,4037,6001,3374,3806,0,,2.8616,-28.73295911,102.8272584,79.73445935,0.331034,-0.222684,0.094472,156.8931806,-0.629180588,0.395868212,0.629180588,,0.0305,-22.8428728,176.828496,2.8664388,-0.004731364,-0.23325887,0.033625284,156.6781971,-0.41419705,0.171559196,0.41419705,
97,155.947,155.655,155.816,156.364,4721,8904,6813,7243,1,,2.8616,-28.67834141,102.1910876,79.31704409,0.387122,-0.449658,0.190764,155.8196182,0.544381753,0.296351493,0.544381753,,0.0305,-22.7994514,175.734495,2.8514328,-0.005533012,-0.34609848,0.067898358,155.5332433,0.830756734,0.690156751,0.830756734,
98,156.282,156.583,156.395,155.984,1608,5637,4601,6151,0,,2.8616,-28.73994724,102.8003409,79.61177999,0.131856,-0.303666,0.128828,156.4907917,-0.506791658,0.256837785,0.506791658,,0.0305,-22.8484284,176.782207,2.8620285,-0.001884576,-0.21911019,0.045853566,156.6511659,-0.6671659,0.445110338,0.6671659,
99,155.706,154.494,154.481,153.458,2202,11071,10619,10366,0,,2.8616,-28.63402199,101.4288644,78.63747168,0.180564,-0.700854,0.297332,154.0709561,-0.612956057,0.375715128,0.612956057,,0.0305,-22.7642172,174.423726,2.8270023,-0.002580744,-0.43032977,0.105828954,154.1899295,-0.73192954,0.535720852,0.73192954,
100,154.474,154.692,154.599,155.056,3022,9367,6303,6801,1,,2.8616,-28.40745965,101.5588559,78.69753876,0.247804,-0.415998,0.176484,154.718825,0.337174979,0.113686966,0.337174979,,0.0305,-22.5840988,174.647268,2.8291617,-0.003541784,-0.36409529,0.062815698,154.6180095,0.437990476,0.191835657,0.437990476,
101,154.09,154.464,154.471,154.544,6326,7996,8265,9544,1,,2.8616,-28.33684282,101.4091687,78.63238125,0.518732,-0.54549,0.23142,154.7709691,-0.226969105,0.051514975,0.226969105,,0.0305,-22.527958,174.389856,2.8268193,-0.007414072,-0.31080452,0.08236899,154.4833677,0.060632302,0.003676276,0.060632302,
102,154.256,154.414,154.441,153.283,1945,7270,4778,8381,0,,2.8616,-28.36736989,101.3763425,78.61710996,0.15949,-0.315348,0.133784,154.4656086,-1.182608597,1.398563094,1.182608597,,0.0305,-22.5522272,174.333406,2.8262703,-0.00227954,-0.2825849,0.047617548,154.4007022,-1.117702208,1.249258226,1.117702208,
103,153.091,153.052,153.024,153.854,2160,9343,7596,11382,1,,2.8616,-28.15312872,100.4821582,77.89579603,0.17712,-0.501336,0.212688,152.9748975,0.87910249,0.772821188,0.87910249,,0.0305,-22.3819042,172.795708,2.8003392,-0.00253152,-0.36316241,0.075701736,152.9546508,0.899349194,0.808828973,0.899349194,
104,154.784,154.975,155.205,154.256,2939,7731,5187,8312,0,,2.8616,-28.46446803,101.7446519,79.00601882,0.240998,-0.342342,0.145236,155.1916947,-0.935694708,0.875524587,0.935694708,,0.0305,-22.6294208,174.966775,2.8402515,-0.003444508,-0.30050397,0.051693642,154.9558509,-0.699850864,0.489791232,0.699850864,
105,154.078,153.82,153.989,151.78,1727,7394,5753,8787,0,,2.8616,-28.33463604,100.9863679,78.38702253,0.141614,-0.379698,0.161084,153.8233543,-2.043354343,4.175296971,2.043354343,,0.0305,-22.5262036,173.66278,2.8179987,-0.002024044,-0.28740478,0.057334398,153.7529807,-1.972980674,3.89265274,1.972980674,
106,152.03,151.841,151.957,151.555,7299,11096,8363,7813,0,,2.8616,-27.95801294,99.68710884,77.35264715,0.598518,-0.551958,0.234164,152.2240671,-0.669067054,0.447650723,0.669067054,,0.0305,-22.226786,171.428489,2.7808131,-0.008554428,-0.43130152,0.083345658,151.6565058,-0.10150581,0.010303429,0.10150581,
107,151.129,151.135,151.311,151.55,1993,12850,8061,9722,1,,2.8616,-27.79232084,99.22360361,77.02380537,0.163426,-0.532026,0.225708,151.1737961,0.376203864,0.141529347,0.376203864,,0.0305,-22.0950598,170.631415,2.7689913,-0.002335796,-0.4994795,0.080335926,150.9143671,0.63563287,0.404029145,0.63563287,
108,151.454,151.929,151.869,152.377,2012,7398,6053,8628,1,,2.8616,-27.85208769,99.74488287,77.30785137,0.164984,-0.399498,0.169484,151.9972165,0.379783458,0.144235475,0.379783458,,0.0305,-22.1425748,171.527841,2.7792027,-0.002358064,-0.28756026,0.060324198,151.9653748,0.411625226,0.169435327,0.411625226,
109,152.708,152.946,152.944,152.269,2249,7476,4547,6969,0,,2.8616,-28.08269578,100.4125668,77.85507259,0.184418,-0.300102,0.127316,153.0581756,-0.789175566,0.622798074,0.789175566,,0.0305,-22.3259096,172.676034,2.7988752,-0.002635828,-0.29059212,0.045315402,152.9315871,-0.662587054,0.439021604,0.662587054,
110,151.952,152.571,152.82,153.094,2216,8122,6332,8288,1,,2.8616,-27.9436689,100.1663706,77.79195126,0.181712,-0.417912,0.177296,152.817349,0.276651003,0.076535777,0.276651003,,0.0305,-22.2153824,172.252659,2.796606,-0.002597152,-0.31570214,0.063104712,152.609188,0.48481198,0.235042656,0.48481198,
111,153.229,153.499,153.403,153.955,3237,6978,5116,6058,1,,2.8616,-28.17850664,100.775624,78.08872333,0.265434,-0.337656,0.143248,153.6184667,0.336533336,0.113254686,0.336533336,,0.0305,-22.4020798,173.300371,2.8072749,-0.003793764,-0.27123486,0.050986056,153.5120235,0.442976468,0.196228151,0.442976468,
112,153.853,153.756,154.204,154.442,2459,7881,9164,8799,1,,2.8616,-28.29325899,100.9443504,78.49646677,0.201638,-0.604824,0.256592,153.8625642,0.579435834,0.335745886,0.579435834,,0.0305,-22.4933086,173.590524,2.8219332,-0.002881948,-0.30633447,0.091328424,153.7317606,0.710239394,0.504439997,0.710239394,
113,154.311,154.34,154.423,155.169,3002,8159,5210,6254,1,,2.8616,-28.37748428,101.3277598,78.60794719,0.246164,-0.34386,0.14588,154.4680067,0.700993269,0.491391563,0.700993269,,0.0305,-22.5602682,174.24986,2.8259409,-0.003518344,-0.31714033,0.05192286,154.2772969,0.891703114,0.795134444,0.891703114,
114,156.052,156.407,156.432,155.835,3653,6023,5022,5037,0,,2.8616,-28.6976507,102.6847929,79.63061458,0.299546,-0.331452,0.140616,156.5880667,-0.753066741,0.567109516,0.753066741,,0.0305,-22.8148024,176.583503,2.8627056,-0.004281316,-0.23411401,0.050049252,156.4735601,-0.638560126,0.407759035,0.638560126,
115,155.906,156.369,156.416,156.968,3328,5367,5168,6250,1,,2.8616,-28.67080159,102.659845,79.62246989,0.272896,-0.341088,0.144704,156.5496253,0.418374713,0.1750374,0.418374713,,0.0305,-22.7934572,176.540601,2.8624128,-0.003900416,-0.20861529,0.051504288,156.4790452,0.488954818,0.239076814,0.488954818,
116,157.086,156.795,156.827,157.287,3577,7576,6054,9785,1,,2.8616,-28.88780123,102.9395238,79.83168656,0.293314,-0.399564,0.169512,156.8082711,0.478728882,0.229181342,0.478728882,,0.0305,-22.9659732,177.021555,2.8699341,-0.004192244,-0.29447912,0.060334164,156.7176787,0.5693213,0.324126743,0.5693213,
117,157.31,158.286,158.089,159.985,2633,9775,7048,8774,1,,2.8616,-28.92899438,103.9183996,80.47409883,0.215906,-0.465168,0.197344,158.273186,1.711813975,2.930307085,1.711813975,,0.0305,-22.998722,178.704894,2.8930287,-0.003085876,-0.37995425,0.070240368,158.3169009,1.668099058,2.782554467,1.668099058,
118,160.823,160.532,160.816,159.899,4626,9249,6517,7064,0,,2.8616,-29.57502805,105.3929502,81.86225909,0.379332,-0.430122,0.182476,160.6734673,-0.77446727,0.599799552,0.77446727,,0.0305,-23.5123226,181.240628,2.9429328,-0.005421672,-0.35950863,0.064948422,160.4017563,-0.50275632,0.252763917,0.50275632,
119,159.839,160.332,160.367,160.909,3226,11155,8298,9540,1,,2.8616,-29.39407242,105.2616456,81.63369878,0.264532,-0.547668,0.232344,160.31208,0.596920005,0.356313492,0.596920005,,0.0305,-23.3684618,181.014828,2.9347161,-0.003780872,-0.43359485,0.082697868,160.2569044,0.652095554,0.425228612,0.652095554,
120,161.434,160.569,160.9,160.921,3681,10367,7760,9208,1,,2.8616,-29.68738973,105.4172416,81.9050187,0.301842,-0.51216,0.21728,160.5034326,0.417567445,0.174362571,0.417567445,,0.0305,-23.6016508,181.282401,2.94447,-0.004314132,-0.40296529,0.07733616,160.3257769,0.595223062,0.354290494,0.595223062,
121,161.064,162.905,162.256,161.376,3520,15346,13441,8137,0,,2.8616,-29.61934747,106.9508793,82.59528101,0.28864,-0.887106,0.376348,162.5662949,-1.190294851,1.416801832,1.190294851,,0.0305,-23.5475568,183.919745,2.9692848,-0.00412544,-0.59649902,0.133953006,162.9053015,-1.529301546,2.338763219,1.529301546,
122,162.613,161.773,161.9,160.954,5933,11141,11770,8719,0,,2.8616,-29.90420547,106.2076953,82.4140617,0.486506,-0.77682,0.32956,161.6183975,-0.664397505,0.441424045,0.664397505,,0.0305,-23.7740206,182.641717,2.96277,-0.006953476,-0.43305067,0.11729982,161.5382621,-0.584262074,0.341362171,0.584262074,
123,161.072,159.982,160.015,160.363,5091,12090,13170,6875,1,,2.8616,-29.62081866,105.0318626,81.45451565,0.417462,-0.86922,0.36876,159.6441616,0.718838425,0.516728681,0.718838425,,0.0305,-23.5487264,180.619678,2.9282745,-0.005966652,-0.4699383,0.13125222,159.6850734,0.677926632,0.459584518,0.677926632,
124,160.17,159.777,159.678,159.669,4408,13086,12680,7584,0,,2.8616,-29.45494266,104.8972754,81.28296815,0.361456,-0.83688,0.35504,159.4665169,0.202483135,0.04099942,0.202483135,,0.0305,-23.416854,180.388233,2.9221074,-0.005166176,-0.50865282,0.12636888,159.5365363,0.132463716,0.017546636,0.132463716,
125,160.057,160.927,160.713,160.756,3702,10426,11234,5660,0,,2.8616,-29.43416219,105.6522768,81.80982766,0.303564,-0.741444,0.314552,160.7662143,-0.010214294,0.000104332,0.010214294,,0.0305,-23.4003334,181.686583,2.9410479,-0.004338744,-0.40525862,0.111958044,160.9601582,-0.20415818,0.041680562,0.20415818,
126,160.735,161.007,160.991,160.951,3337,9233,9975,6320,0,,2.8616,-29.55884503,105.7047987,81.95134161,0.273634,-0.65835,0.2793,160.8534792,0.097520756,0.009510298,0.097520756,,0.0305,-23.499457,181.776903,2.9461353,-0.003910964,-0.35888671,0.09941085,160.9906945,-0.039694476,0.001575651,0.039694476,
127,160.956,161.323,161.016,161.761,2594,9002,11029,6864,1,,2.8616,-29.59948649,105.9122599,81.96406769,0.212708,-0.727914,0.308812,160.9320471,0.828952871,0.687162862,0.828952871,,0.0305,-23.5317672,182.133667,2.9465928,-0.003040168,-0.34990774,0.109915014,161.3359597,0.425040294,0.180659252,0.425040294,
128,161.663,161.866,161.832,161.828,2795,10375,11999,6091,0,,2.8616,-29.72950237,106.2687519,82.37944678,0.22919,-0.791934,0.335972,161.5535243,0.27447568,0.075336899,0.27447568,,0.0305,-23.6351306,182.746714,2.9615256,-0.00327574,-0.40327625,0.119582034,161.816639,0.011360956,0.000129071,0.011360956,
129,161.849,162.001,162.046,161.671,2897,9565,10010,7288,0,,2.8616,-29.7637074,106.3573825,82.48838198,0.237554,-0.66066,0.28028,161.8008311,-0.129831099,0.016856114,0.129831099,,0.0305,-23.6623238,182.899129,2.9654418,-0.003395284,-0.37179155,0.09975966,161.9573198,-0.286319826,0.081979043,0.286319826,
130,162.24,161.767,161.804,161.983,4251,7628,8589,7135,1,,2.8616,-29.83561152,106.2037561,82.36519357,0.348582,-0.566874,0.240492,161.6171382,0.365861807,0.133854862,0.365861807,,0.0305,-23.719488,182.634943,2.9610132,-0.004982172,-0.29650036,0.085597974,161.6910836,0.291916358,0.08521516,0.291916358,
131,162.129,163.159,162.94,163.612,3156,9300,11144,6396,1,,2.8616,-29.81519884,107.1176362,82.94346642,0.258792,-0.735504,0.312032,162.9428237,0.669176265,0.447796874,0.669176265,,0.0305,-23.7032598,184.206511,2.981802,-0.003698832,-0.361491,0.111061104,163.2614245,0.350575528,0.122903201,0.350575528,
132,163.459,163.356,163.571,163.189,3810,9572,11434,10713,0,,2.8616,-30.05978318,107.2469712,83.26467255,0.31242,-0.754644,0.320152,163.1913886,-0.002388559,5.70521E-06,0.002388559,,0.0305,-23.8977058,184.428924,2.9933493,-0.00446532,-0.37206364,0.113951244,163.2924898,-0.103489784,0.010710135,0.103489784,
133,163.021,163.834,163.739,164.078,2666,9500,10287,9431,1,,2.8616,-29.97923586,107.5607892,83.35019178,0.218612,-0.678942,0.288036,163.6210511,0.456948899,0.208802296,0.456948899,,0.0305,-23.8336702,184.968586,2.9964237,-0.003124552,-0.369265,0.102520242,163.8919702,0.18602981,0.03460709,0.18602981,
134,164.743,164.571,164.64,164.336,4269,8743,11329,8190,0,,2.8616,-30.29590821,108.0446466,83.80883952,0.350058,-0.747714,0.317212,164.3387339,-0.002733939,7.47442E-06,0.002733939,,0.0305,-24.0854266,185.800659,3.012912,-0.005003268,-0.33984041,0.112904814,164.5267055,-0.190705536,0.036368601,0.190705536,
135,164.634,165.327,165.232,164.961,7515,9225,10226,2014,0,,2.8616,-30.27586333,108.540978,84.11019298,0.61623,-0.674916,0.286328,165.4645497,-0.503549665,0.253562265,0.503549665,,0.0305,-24.0694908,186.654183,3.0237456,-0.00880758,-0.35857575,0.101912316,165.3734668,-0.412466786,0.17012885,0.412466786,
136,165.292,164.74,164.881,165.035,5381,5036,5885,6402,1,,2.8616,-30.39686822,108.155599,83.93151888,0.441242,-0.38841,0.16478,164.7694617,0.265538313,0.070510596,0.265538313,,0.0305,-24.1656904,185.99146,3.0173223,-0.006306532,-0.19574932,0.05864991,164.730186,0.304814042,0.0929116,0.304814042,
137,165.33,166.668,166.772,167.23,3661,10817,13093,7608,1,,2.8616,-30.40385634,109.4213754,84.8941192,0.300202,-0.864138,0.366604,166.5759062,0.65409378,0.427838673,0.65409378,,0.0305,-24.171246,188.168172,3.0519276,-0.004290692,-0.42045679,0.130484838,166.785091,0.444909044,0.197944057,0.444909044,
138,168.201,167.278,167.552,166.778,6471,9049,12252,7445,0,,2.8616,-30.9318275,109.8218544,85.29117274,0.530622,-0.808632,0.343056,167.1078456,-0.329845632,0.108798141,0.329845632,,0.0305,-24.5909862,188.856862,3.0662016,-0.007584012,-0.35173463,0.122103432,167.1253622,-0.34736219,0.120660491,0.34736219,
139,167.291,167.377,167.437,167.734,4266,10359,11968,9105,1,,2.8616,-30.76448032,109.8868502,85.23263279,0.349812,-0.789888,0.335104,167.1116306,0.622369356,0.387343615,0.622369356,,0.0305,-24.4579442,188.968633,3.0640971,-0.004999752,-0.40265433,0.119273088,167.3169049,0.417095094,0.173968317,0.417095094,
140,167.24,165.294,165.843,165.446,5917,10729,12248,7833,1,,2.8616,-30.75510152,108.5193128,84.42121825,0.485194,-0.808368,0.342944,165.0667995,0.379200509,0.143793026,0.379200509,,0.0305,-24.450488,186.616926,3.0349269,-0.006934724,-0.41703623,0.122063568,164.9299575,0.516042486,0.266299847,0.516042486,
,,,,,,,,,,,,,,,,,,,,,,,,,,,,,,,,,,
,,,,,,,,,,,,,,,,,,,,,,,,,,,,,,,,,,
,,,,,,,,,,,,,,,,,,,,,,,,,,,,,,,,,,
